{
  "model": "VibeModelV8",
  "accuracy": 0.9910714285714286,
  "correct": 222,
  "total": 224,
  "training_examples": 5715,
  "timestamp": "2025-12-23T18:33:47.525455"
}